Breed;Weight (kg);Height (cm)
Chihuahua ;2.4285714285714284;18.0
Chow Chow ;22.714285714285715;47.285714285714285
Labrador ;27.357142857142858;57.714285714285715
Poodle ;21.571428571428573;43.142857142857146
Schnauzer ;18.0;49.714285714285715
St. Bernard ;75.0;77.42857142857143
